snp, p-value
chr21:5033371:G:A, 0.43342
Chr21:5033602:C:T, 0.43059